accuracy,balanced_accuracy,precision_macro,recall_macro,f1_macro,roc_auc
0.9322539412015338,0.6229894167560259,0.7860447464488379,0.6229894167560259,0.6653736169434349,0.9018537512756357
